{"count":1,"gauges":{},"self":518.6457088,"total":526.5395869,"children":{"AgentResetIfDone":{"count":236619,"self":0.3812371,"total":0.3812371,"children":null},"AgentSendState":{"count":236619,"self":0.43628669999999997,"total":0.97087249999999992,"children":{"CollectObservations":{"count":23670,"self":0.5345858,"total":0.5345858,"children":null}}},"DecideAction":{"count":236619,"self":5.460484,"total":5.4604840999999995,"children":null},"AcademyStep":{"count":236619,"self":0.3910652,"total":0.3910652,"children":null},"AgentAct":{"count":236619,"self":0.690218,"total":0.690218,"children":null}}}