{"count":1,"gauges":{},"self":824.2097152,"total":3174.1246923,"children":{"AgentResetIfDone":{"count":1088034,"self":16.2775952,"total":16.277595899999998,"children":null},"AgentSendState":{"count":1088034,"self":16.9217808,"total":75.2278129,"children":{"CollectObservations":{"count":362678,"self":58.3060352,"total":58.306031999999995,"children":null}}},"DecideAction":{"count":1088034,"self":1553.9252224,"total":1812.2944635,"children":{"AgentInfo.ToProto":{"count":362678,"self":258.36928,"total":258.3692818,"children":null}}},"AcademyStep":{"count":1088034,"self":5.6076516,"total":5.6076517,"children":null},"AgentAct":{"count":1088034,"self":440.5054464,"total":440.50546049999997,"children":null}}}