{"count":1,"gauges":{},"self":797.0897408,"total":1320.6933414999999,"children":{"AgentResetIfDone":{"count":3653559,"self":21.660646399999997,"total":21.660646699999997,"children":null},"AgentSendState":{"count":3653559,"self":19.6756688,"total":38.2813441,"children":{"CollectObservations":{"count":365364,"self":18.6056752,"total":18.605675299999998,"children":null}}},"DecideAction":{"count":3653559,"self":260.7192832,"total":426.39090569999996,"children":{"AgentInfo.ToProto":{"count":40596,"self":165.67162879999998,"total":165.6716305,"children":null}}},"AcademyStep":{"count":3653559,"self":14.0308272,"total":14.0308275,"children":null},"AgentAct":{"count":3653559,"self":23.239889599999998,"total":23.2398901,"children":null}}}