{"count":1,"gauges":{},"self":718.8419584,"total":719.07902649999994,"children":{"AgentResetIfDone":{"count":35927,"self":0.0356506,"total":0.0356506,"children":null},"AgentSendState":{"count":35927,"self":0.0158926,"total":0.0705407,"children":{"CollectObservations":{"count":3593,"self":0.0546481,"total":0.0546481,"children":null}}},"DecideAction":{"count":35927,"self":0.0296587,"total":0.0296587,"children":null},"AcademyStep":{"count":35927,"self":0.014882999999999999,"total":0.014882999999999999,"children":null},"AgentAct":{"count":35927,"self":0.085335899999999992,"total":0.085335899999999992,"children":null}}}