{"count":1,"gauges":{},"self":14.064779199999998,"total":14.764079899999999,"children":{"AgentResetIfDone":{"count":706,"self":0.0039593,"total":0.0039593,"children":null},"AgentSendState":{"count":706,"self":0.0049923,"total":0.024943999999999997,"children":{"CollectObservations":{"count":236,"self":0.0199517,"total":0.0199517,"children":null}}},"DecideAction":{"count":706,"self":0.5557615,"total":0.5557615,"children":null},"AcademyStep":{"count":706,"self":0.0019889,"total":0.0019889,"children":null},"AgentAct":{"count":706,"self":0.1116475,"total":0.1116475,"children":null}}}