{"count":1,"gauges":{},"self":2782.4832512,"total":2898.281934,"children":{"AgentResetIfDone":{"count":1303857,"self":5.6382271999999993,"total":5.638227,"children":null},"AgentSendState":{"count":1303857,"self":6.4481312,"total":13.788561999999999,"children":{"CollectObservations":{"count":130392,"self":7.3404304,"total":7.3404308,"children":null}}},"DecideAction":{"count":1303857,"self":81.6748672,"total":81.6748688,"children":null},"AcademyStep":{"count":1303857,"self":4.6423255999999995,"total":4.6423257,"children":null},"AgentAct":{"count":1303857,"self":10.0546448,"total":10.054644699999999,"children":null}}}