{"count":1,"gauges":{},"self":43.4108928,"total":44.6427499,"children":{"AgentResetIfDone":{"count":13878,"self":0.059981599999999996,"total":0.059981599999999996,"children":null},"AgentSendState":{"count":13878,"self":0.0689636,"total":0.1481729,"children":{"CollectObservations":{"count":1395,"self":0.0792093,"total":0.0792093,"children":null}}},"DecideAction":{"count":13878,"self":0.87485649999999993,"total":0.87485649999999993,"children":null},"AcademyStep":{"count":13878,"self":0.0499092,"total":0.0499092,"children":null},"AgentAct":{"count":13878,"self":0.098937199999999989,"total":0.098937199999999989,"children":null}}}