{"count":1,"gauges":{},"self":1053.2694016,"total":9024.5068301,"children":{"AgentResetIfDone":{"count":500017,"self":18.669348799999998,"total":18.669348799999998,"children":null},"AgentSendState":{"count":500017,"self":156.12833279999998,"total":1917.4940397999999,"children":{"CollectObservations":{"count":8000272,"self":1761.3656064,"total":1761.3657088,"children":null}}},"DecideAction":{"count":500017,"self":5380.6993408,"total":5804.5328324,"children":{"AgentInfo.ToProto":{"count":500017,"self":423.83354879999996,"total":423.8335576,"children":null}}},"AcademyStep":{"count":500017,"self":2.2890235999999997,"total":2.2890237,"children":null},"AgentAct":{"count":500017,"self":228.2501888,"total":228.2501996,"children":null}}}