{"count":1,"gauges":{},"self":2.7643616,"total":2.8651571,"children":{"AgentSendState":{"count":124,"self":0.0099578999999999987,"total":0.012924099999999999,"children":{"CollectObservations":{"count":300,"self":0.0019805,"total":0.0019805,"children":null},"CollectDiscreteActionMasks":{"count":300,"self":0.0009857,"total":0.0009857,"children":null}}},"DecideAction":{"count":124,"self":0.08286919999999999,"total":0.08286919999999999,"children":null},"AgentAct":{"count":124,"self":0.0040092,"total":0.0040092,"children":null}}}