{"count":1,"gauges":{},"self":20.0328768,"total":20.9495206,"children":{"AgentSendState":{"count":1025,"self":0.0218556,"total":0.0416988,"children":{"CollectObservations":{"count":4100,"self":0.013935099999999999,"total":0.013935099999999999,"children":null},"CollectDiscreteActionMasks":{"count":4100,"self":0.0059080999999999995,"total":0.0059080999999999995,"children":null}}},"DecideAction":{"count":1025,"self":0.6743236,"total":0.8391325,"children":{"RayPerceptionSensor.Perceive":{"count":4100,"self":0.16480889999999998,"total":0.16480889999999998,"children":null}}},"AgentAct":{"count":1025,"self":0.0348129,"total":0.0348129,"children":null}}}