{"count":1,"gauges":{"Pyramids.CumulativeReward":{"count":26,"max":1.93900013,"min":1.69899607,"value":1.82979822,"weightedAverage":1.83801055}},"self":32.552479999999996,"total":37.346177,"children":{"AgentSendState":{"count":1830,"self":0.058478199999999994,"total":0.097115899999999991,"children":{"CollectObservations":{"count":5856,"self":0.025768799999999998,"total":0.025768799999999998,"children":null},"CollectDiscreteActionMasks":{"count":5856,"self":0.012868899999999999,"total":0.012868899999999999,"children":null}}},"DecideAction":{"count":1830,"self":0.9906332,"total":4.6556087999999995,"children":{"RayPerceptionSensor.Perceive":{"count":17568,"self":3.6649756,"total":3.6649756,"children":null}}},"AgentAct":{"count":1830,"self":0.0399743,"total":0.0399743,"children":null}}}