{"count":1,"gauges":{},"self":23.0950624,"total":23.656081099999998,"children":{"AgentSendState":{"count":1164,"self":0.0089339,"total":0.556013,"children":{"CollectObservations":{"count":233,"self":0.0010004999999999999,"total":0.0010004999999999999,"children":null},"CollectDiscreteActionMasks":{"count":233,"self":0,"total":0,"children":null},"CameraSensor.GetCompressedObservation":{"count":233,"self":0.5460786,"total":0.5460786,"children":null}}},"DecideAction":{"count":1164,"self":0.0010118,"total":0.0010118,"children":null},"AgentAct":{"count":1164,"self":0.0029942,"total":0.0029942,"children":null}}}