{"count":1,"gauges":{"SmallWallJump.CumulativeReward":{"count":94,"max":0.9875,"min":-1.0115,"value":0.9835,"weightedAverage":0.97632885},"BigWallJump.CumulativeReward":{"count":123,"max":0.961,"min":-1.16599965,"value":0.949,"weightedAverage":0.9400911}},"self":16.3401392,"total":18.6003678,"children":{"AgentSendState":{"count":902,"self":0.0357703,"total":0.074414899999999992,"children":{"CollectObservations":{"count":4344,"self":0.028784999999999998,"total":0.028784999999999998,"children":null},"CollectDiscreteActionMasks":{"count":4344,"self":0.0098596,"total":0.0098596,"children":null}}},"DecideAction":{"count":902,"self":1.7543996,"total":1.9358473999999999,"children":{"RayPerceptionSensor.Perceive":{"count":8688,"self":0.1814479,"total":0.1814479,"children":null}}},"AgentAct":{"count":902,"self":0.2489672,"total":0.2489672,"children":null}}}